tienda_id,jugadores_min,jugadores_max,duracion_min,duracion_max,dificultad,edad_min,categoria,nombre
13423,4,4,45,60,3,10,Cartas,TICHU
13416,4,4,90,150,4,14,Estrategia,PACTO CON EL DIABLO
13409,2,8,20,30,1,8,Habilidad,FANTASMA BLITZ EDICIÓN CUMPLEAÑOS
13405,2,5,60,120,3,14,Estrategia,CYCLADES EDICIÓN LEGENDARIA
13400,2,4,45,45,2,8,Familiar,KINGDOM BUILDER
13396,2,4,150,180,5,13,Estrategia,LA GUERRA DEL ANILLO
13392,1,4,60,120,3,12,Estrategia,IERUSALEM
13383,2,6,20,20,1,8,Cartas,COCK-ROACH POKER DE BICHOS
13367,1,4,15,45,1,12,Deducción,MICRO MACRO CRIME CITY
13360,2,10,30,60,1,18,Adultos,DO OR DRINK LATINO EDITION
13356,1,1,20,60,3,14,Aventura,FINAL GIRL CORE BOX
13349,2,4,45,90,3,12,Estrategia,CLANK EN EL ESPACIO
13338,3,4,90,120,3,12,Expansión,CATAN EXPANSIÓN PIRATAS Y EXPLORADORES
13334,2,4,20,30,2,8,Familiar,PANDA ROYALE
13330,1,5,90,120,3,12,Estrategia,TAPESTRY
13309,2,4,25,25,2,7,Familiar,MAJESTYA CORONA DEL REINO
13304,1,4,30,120,3,12,Estrategia,LAS RUINAS PERDIDAS DE ARNAK
13302,2,2,30,30,2,10,Cooperativo,SAIL
13298,,,,,,,,LA ERA DE ROMA
13282,1,4,45,45,3,14,Aventura,Dead Cells
13279,2,5,90,90,3,14,Estrategia,Goodspeed
13276,2,4,60,90,3,12,Estrategia,Pulsar 2849
13273,2,4,40,80,3,13,Estrategia,Five Tribes
13270,2,8,20,30,1,8,Habilidad,Fantasma Blitz cumpleaños
13266,2,2,15,15,2,10,Cartas,Duelo por Cardia
13261,2,8,30,30,2,8,Cartas,Skull King
13252,2,5,45,60,2,10,Estrategia,Hadara
12466,3,8,30,60,1,18,Adultos,REPUBLICA BANANERA LA FIESTA QUE PROHIBIRIA EL VATICANO
12461,2,12,10,20,1,10,Palabras y trivia,TIC TIC BOOM
12457,1,4,60,60,3,14,Estrategia,TERRAFORMING MARS EXPEDICION ARES
12453,1,4,60,60,2,10,Estrategia,3 RING CIRCUS
12449,2,3,40,60,3,10,Estrategia,VILLAINOUS POWER OF THE DARK
12441,2,7,120,240,3,14,Estrategia,RISK GAME OF THRONES
12432,3,10,30,30,1,8,Party,MEME THE GAME DISNEY EDITION
12421,,,,,,,,EXPRESSION PUZZLE BUILDING BLOCKS
12413,1,6,45,60,2,12,Cooperativo,DUNE HOUSE OF SECRETS
11660,3,10,20,30,1,12,Party,ZERO A 100
11658,3,10,30,60,1,18,Adultos,YO NUNCA REVOLUTION
11657,2,4,60,90,3,14,Estrategia,XMEN MUTANT REVOLUTION
11656,1,5,60,90,3,14,Estrategia,WYRMSPAN
11654,1,4,60,120,3,12,Estrategia,WOODCRAFT
11653,2,5,60,120,3,14,Expansión,WONDERLANDS WAR SHARDS OF MADNESS
11652,2,5,60,120,3,14,Estrategia,WONDERLANDS WAR
11650,2,4,30,45,2,10,Familiar,WISHLAND
11649,2,6,45,45,1,10,Familiar,WINNERS CIRCLE
11648,1,5,40,70,3,10,Expansión,WINGSPAN EXPANSION DE OCEANIA
11647,3,10,30,30,1,18,Adultos,WHAT DO YOU MEME? NURSES
11645,,,,,,,,WHALE TO POOK
11644,2,6,60,120,3,14,Expansión,WESTERN LEGENDS UN SALVAJE MONTON DE EXTRAS
11643,2,6,60,120,3,14,Aventura,WESTERN LEGENDS
11611,1,8,25,35,2,10,Familiar,WELCOME TO LAS VEGAS
11610,2,2,30,60,3,12,Estrategia,WATERGATE
11609,1,6,60,120,3,14,Cooperativo,WARRIORS OF KRYNN
11607,2,5,60,90,3,14,Estrategia,VWARS
11606,2,4,30,30,2,10,Estrategia,VOLT
11605,2,4,30,45,2,12,Cartas,VOLFYIRION GUILD
11604,1,6,45,90,3,13,Estrategia,VITICULTURE
11601,2,4,40,60,3,10,Estrategia,VILLAINOUS THE WORST TAKES IT ALL
11600,2,3,40,60,3,10,Estrategia,VILLAINOUS PERFECTLY WRETCHED
11599,2,4,40,60,3,12,Estrategia,VILLAINOUS MISCHIEF&MALICE
11598,2,4,40,60,3,10,Estrategia,VILLAINOUS INTRODUCTION TO EVIL
11597,2,4,40,60,3,12,Estrategia,VILLAINOUS INFINITE POWER
11596,2,3,40,60,3,10,Estrategia,VILLAINOUS EVIL COMES PREPARED
11595,2,3,40,60,3,10,Estrategia,VILLAINOUS DESPICABLE PLOTS
11594,2,3,40,60,3,10,Estrategia,VILLAINOUS BIGGER AND BADDER
11593,1,5,20,30,2,10,Familiar,VILLAGE GREEN
11592,,,,,,,,VIDEO GAME CHAMPION
11591,2,5,60,90,3,12,Estrategia,VIDA SALVAJE: SERENGUETI
11590,2,4,30,45,2,8,Familiar,VIAJE AL CENTRO DE LA TIERRA
11588,2,8,30,45,2,18,Expansión,UNSTABLE UNICORNS NSFW EXPANSION PACK
11587,2,6,15,30,1,6,Infantil,UNSTABLE UNICORNS KIDS
11585,1,4,60,120,3,12,Estrategia,UNION STOCKYARD
11583,2,2,45,60,3,14,Estrategia,UNDAUNTED NORTH AFRICA
11550,1,4,60,120,4,14,Cooperativo,U-BOOT
11549,2,4,90,90,4,13,Estrategia,TZOLK’IN
11547,1,4,60,120,3,12,Estrategia,TUDOR
11546,2,4,20,30,1,8,Cartas,TRUFFLE SHUFFLE
11543,1,5,60,90,3,14,Estrategia,TRIBES OF THE WIND
11542,4,8,30,60,2,14,Palabras y trivia,TRAPWORDS
11541,,,,,,,,TOWN 77
11537,2,5,45,45,2,8,Familiar,TOKAIDO
11536,2,4,30,45,2,8,Familiar,TINY TURBO CARS
11535,2,5,30,60,2,8,Familiar,TICKET TO RIDE
11534,2,5,30,60,2,8,Familiar,TICKET TO RIDE EUROPE
11533,2,4,45,60,2,10,Estrategia,TICKET TO MARS
11532,2,12,20,20,1,10,Palabras y trivia,TIC TAC BOUM
11531,,,,,,,,TIBURON
11530,2,4,120,240,4,14,Estrategia,THROUGH THE AGES
11529,1,5,90,150,3,14,Aventura,THE WITCHER EL VIEJO MUNDO
11526,2,2,15,30,1,18,Adultos,THE ORAL SEX CARD GAME
11492,1,4,45,60,2,14,Familiar,THE GUILD OF MERCHANT EXPLORERS
11491,3,8,15,15,1,14,Party,THE CHAMALEON
11490,2,2,30,45,2,10,Estrategia,THAT TIME YOU KILLED ME
11489,1,5,120,120,3,12,Estrategia,TERRAFORMING MARS
11488,2,5,60,150,4,12,Estrategia,TERRA MYSTICA
11486,,,,,,,,TASKTEAM
11484,,,,,,,,TAKE A SEAT
11483,1,4,60,150,4,14,Aventura,TAINTED GRAIL
11482,,,,,,,,TACTA
11481,2,4,10,20,1,7,Cartas,TACO VS BURRITO
11478,,,,,,,,SYLLABUS
11477,,,,,,,,SWEET MESS
11476,2,4,45,60,2,8,Familiar,SURVIVE THE ISLAND
11475,2,4,45,60,2,8,Familiar,SURVIVE SPACE ATTACKS
11474,1,4,60,120,3,14,Expansión,SUPERCLUB TOP SIX EXPANSION GREEN/PINK
11473,1,4,60,120,3,14,Expansión,SUPERCLUB POWERHOUSE
11472,1,4,60,120,3,14,Expansión,SUPERCLUB PLAYER CARDS SLB SEASON 22/23
11471,1,4,60,120,3,14,Expansión,SUPERCLUB PLAYER CARDS MANCHESTER CITY
11470,1,4,60,120,3,14,Expansión,SUPERCLUB PLAYER CARDS LIVERPOOL
11469,1,4,60,120,3,14,Expansión,SUPERCLUB PLAYER CARDS FCP SEASON 22/23
11468,1,4,60,120,3,14,Expansión,SUPERCLUB PLAYER CARDS FC BAYERN MUNICH
11467,1,4,60,120,3,14,Expansión,SUPERCLUB PLAYER CARDS FC BARCELONA
11466,1,4,60,120,3,14,Expansión,SUPERCLUB PLAYER CARDS CHELSEA
11465,1,4,60,120,3,14,Expansión,SUPERCLUB PLAYER CARDS ARSENAL
11464,1,4,60,120,3,14,Expansión,SUPERCLUB PLAYER CARDS AC MILAN
11463,1,4,60,120,3,14,Expansión,SUPERCLUB MANAGER KIT MANCHESTER CITY
11432,1,4,60,120,3,14,Expansión,SUPERCLUB MANAGER KIT LIVERPOOL
11431,1,4,60,120,3,14,Expansión,SUPERCLUB MANAGER KIT BAYERN MUNCHEN
11430,1,4,60,120,3,14,Expansión,SUPERCLUB MANAGER KIT FC BARCELONA
11429,1,4,60,120,3,14,Expansión,SUPERCLUB MANAGER KIT ARSENAL
11428,1,4,60,120,3,14,Expansión,SUPERCLUB EXPANSION LA LIGA 23/24
11427,1,4,60,120,3,14,Estrategia,SUPERCLUB BASE GAME
11426,3,6,60,120,2,10,Cartas,SUPER MUNCHKIN
11425,2,5,20,20,1,8,Habilidad,STRIKE HARRY POTTER
11424,,,,,,,,STREAMING
11423,,,,,,,,STORY COLORS
11422,2,6,90,150,4,14,Estrategia,STATIONFALL
11421,2,4,20,20,2,10,Cartas,STARWARS PALACIO DE JABBA
11420,1,4,60,90,3,12,Estrategia,STARSHIPS CAPTAIN
11418,2,8,15,15,1,6,Habilidad,SPOT IT PIXAR
11417,2,8,15,15,1,6,Habilidad,SPOT IT MINIONS
11415,2,8,15,15,1,6,Habilidad,SPOT IT
11413,2,4,15,15,1,6,Habilidad,SPEEDCUPS
11412,2,4,30,45,2,10,Estrategia,SPACE EXPLORERS
11411,2,5,60,60,2,14,Estrategia,SPACE BASE
11410,3,10,30,30,1,10,Party,SOUNDBOX
11409,2,4,45,60,2,10,Expansión,SORCERERS ARENA EXPANSION SOMBRAS Y ESCALOFRIOS
11408,2,4,45,60,2,10,Expansión,SORCERERS ARENA EXPANSION CAMBIO DE MAREAS
11407,2,4,30,30,2,10,Cartas,SOBEK
11406,2,8,20,30,1,12,Expansión,SMART 10 EXPANSION
11403,3,6,30,45,1,10,Party,SKULL
11372,,,,,,,,SKATE SUMMER
11371,4,9,120,180,4,14,Estrategia,SIDEREAL CONFLUENCE
11370,2,6,10,20,1,6,Cartas,SHUFFLE PIXAR
11369,2,6,10,20,1,6,Cartas,SHUFFLE NARUTO
11368,2,6,10,20,1,6,Cartas,SHUFFLE MICKEY AND FRIENDS
11367,2,6,10,20,1,6,Cartas,SHUFFLE MARVEL AVENGERS
11366,2,6,10,20,1,6,Cartas,SHUFFLE FROZEN II
11365,2,6,10,20,1,6,Cartas,SHUFFLE DC BATMAN
11364,3,6,60,60,2,14,Party,SHERIFF OF NOTTINGHAM
11361,4,8,10,20,1,10,Deducción,SECRETS
11360,3,5,120,120,4,14,Estrategia,SEAFALL
11359,3,6,30,30,1,10,Cartas,SE VENDE
11358,1,5,90,115,4,14,Estrategia,SCYTHE
11355,2,5,15,20,2,9,Cartas,SCOUT
11354,3,6,45,45,2,10,Deducción,SCOTLAND YARD
11353,,,,,,,,SCHOOL STORIES
11352,1,4,30,60,2,10,Familiar,SANTA MONICA
11351,1,4,60,90,3,14,Aventura,SANCTUM
11350,1,5,60,90,3,13,Estrategia,SAGRADA ARTESANOS
11348,2,12,30,30,1,8,Cartas,SABOTEUR 2
11346,1,4,60,60,3,10,Cooperativo,RUSH MD
11345,2,4,60,60,1,7,Clásico,RUMMIKUB
11344,2,4,60,60,1,7,Clásico,RUMMI CLASSIC ROJO
11343,2,4,60,60,1,7,Clásico,RUMMI CLASSIC AZUL
11312,1,4,60,120,3,14,Estrategia,ROCK HARD 1977
11305,2,4,60,120,3,12,Estrategia,REVIVE
11304,5,10,30,30,2,13,Deducción,RESISTID
11302,3,8,30,60,1,18,Adultos,REPUBLICA BANANERA LA VACUNA ESPAÑOLA
11300,,,,,,,,RAT ATTACK PARTY
11299,2,5,60,90,2,10,Estrategia,RACCOON TYCOON
11297,2,4,15,20,1,8,Abstracto,QUORIDOR PACMAC
11292,2,2,10,20,1,8,Abstracto,QUARTO MINI
11291,2,2,10,20,1,8,Abstracto,QUARTO
11288,,,,,,,,PUZZLE ODYSSEY LULA
11287,1,5,90,180,4,13,Estrategia,PROJECT MANHATTAN 2 MINUTES TO MIDNIGHT
11284,1,5,20,50,2,10,Cartas,PORT ROYAL BIG BOX
11283,1,5,20,50,2,10,Expansión,PORT ROYAL A TODA VELA
11251,3,5,45,60,3,14,Estrategia,PONZI SCHEME
11250,,,,,,,,POCIMAS Y BREBAJES JR
11247,1,6,60,80,3,10,Estrategia,PLANETA DESCONOCIDO DELUXE
11245,1,4,60,90,3,12,Estrategia,PIRATAS DE MARACAIBO
11243,3,6,25,25,1,8,Party,PICTOMANIA
11242,,,,,,,,PICNIC
11239,,,,,,,,PEST
11238,2,6,30,30,1,8,Clásico,PERUDO
11237,,,,,,,,PEQUEÑOS GRANDES VIKINGOS
11236,,,,,,,,PEPINILLO
11235,2,6,15,20,1,8,Cartas,PELUSAS REVOLUTION
11234,2,6,15,20,1,8,Cartas,PELUSAS BORBOTOS
11232,3,8,20,30,1,14,Party,PASA EL MARRON
11231,2,2,25,25,2,8,Abstracto,PARIS LA CITE DE LA LUMIERE
11230,2,4,60,90,3,12,Estrategia,PARIS EIFFEL
11228,,,,,,,,PARADOX UNIVERSITY
11226,2,4,30,30,2,8,Cooperativo,PANDEMIC ZONA 0
11225,1,5,45,60,3,10,Cooperativo,PANDEMIC CAIDA DE ROMA
11224,2,4,45,45,2,8,Cooperativo,PANDEMIC
11192,1,4,45,60,3,10,Cooperativo,PALEO
11191,,,,,,,,PALABRAS BASURAS
11190,,,,,,,,OVERPARKED
11188,3,10,10,10,1,8,Deducción,ONE NIGHT WEREWOLF
11187,2,4,30,30,2,10,Cartas,OH MY GOODS!
11186,1,4,30,90,3,14,Estrategia,OBSESION
11184,1,4,30,45,2,8,Familiar,NUNATAK
11180,1,5,30,60,2,10,Familiar,NEW YORK ZOO
11179,2,4,45,45,2,14,Cartas,MYSTIC VALE EDICION ESENCIAL
11178,2,6,30,30,1,10,Cooperativo,MYSTERIUM PARK
11177,1,4,30,45,2,8,Familiar,MYCELIA
11176,2,4,30,45,2,10,Familiar,MY ISLAND
11175,2,6,15,15,1,8,Habilidad,MY CORTEX CHALLENGE
11174,2,6,15,15,1,6,Infantil,MY CORTEX KIDS
11173,3,6,60,120,2,10,Cartas,MUNCHKIN ZOMBIS
11172,3,6,60,120,2,10,Cartas,MUNCHKIN CTHULU 4
11171,3,6,60,120,2,10,Cartas,MUNCHKIN CTHULU 3
11170,3,6,60,120,2,10,Cartas,MUNCHKIN CTHULU 2
11169,3,6,60,120,2,10,Cartas,MUNCHKIN CTHULU
11168,3,6,60,120,2,10,Cartas,MUNCHKIN APOCALYPSE 2
11167,3,6,60,120,2,10,Cartas,MUNCHKIN APOCALIPSE
11166,2,6,60,180,1,8,Clásico,MONOPOLY STAR WARS
11165,2,7,60,180,1,13,Clásico,MONOPOLY FORTNITE
11163,2,4,20,30,2,10,Cartas,MODERN NAVAL BATTLE
11132,2,4,20,30,2,10,Cartas,MODERN LANDS BATTLES
11131,2,4,45,45,2,14,Cartas,MISKATONIC ESCUELA PARA SENORITAS
11130,,,,,,,,MINEROS DEL IMPERIO
11129,2,4,30,30,1,8,Cartas,MINECRAFT CARD GAME
11128,1,5,45,90,3,13,Deducción,MIND MGMT
11127,2,2,10,15,2,10,Cartas,MIND BUG
11126,,,,,,,,MIDNIGHT EXCHANGE
11125,,,,,,,,MICRO ROMA
11124,,,,,,,,MICONS
11123,,,,,,,,MI TIENDA
11122,1,4,45,60,2,8,Familiar,MI PEQUEÑO SCYTHE
11120,1,4,30,45,2,8,Familiar,MEEPLE LAND
11119,,,,,,,,MEDITERRANEO
11118,1,4,60,90,2,14,Cooperativo,MEDICAL MYSTERIES NUEVA YORK
11117,1,4,60,90,2,14,Cooperativo,MEDICAL MYSTERIES MIAMI FLATLINE
11116,,,,,,,,MATCH 5
11113,2,4,10,20,1,10,Cartas,MARVEL REMIX
11112,1,4,45,90,3,14,Cooperativo,MARVEL CHAMPIONS
11111,2,4,20,20,1,6,Familiar,MARRAKECH
11110,,,,,,,,MARIPOSAS
11109,3,5,180,180,3,14,Estrategia,MARE NOSTRUM
11108,1,4,60,120,4,12,Estrategia,MARACAIBO
11106,,,,,,,,MANCHAS
11105,3,10,30,45,1,18,Adultos,MALAS COMPAÑIAS
11103,,,,,,,,MAGNETIC
11071,,,,,,,,LUNA DE MIEL
11070,1,4,30,60,2,10,Estrategia,LUNA CAPITAL
11068,2,5,20,30,1,8,Familiar,LOST CITIES ROLL&WRITE
11067,2,4,30,45,2,8,Familiar,LOOOT
11066,2,4,10,15,1,4,Habilidad,LOOPING
11065,4,8,20,30,1,10,Deducción,LITTLE SECRETS
11063,2,6,45,60,2,10,Cartas,LIBERTALIA
11062,2,6,30,60,2,13,Deducción,LAST FRIDAY
11060,,,,,,,,LANZELOTH
11059,,,,,,,,LANCELOT
11058,2,5,20,20,2,10,Cooperativo,LA TRIPULACION
11055,1,4,60,120,3,12,Estrategia,LA GRANJA EDICION DELUXE
11052,2,6,15,20,1,10,Deducción,LA DAMA Y EL TIGRE
11051,,,,,,,,LA CAZA
11049,,,,,,,,KUNG PEREZU
11047,2,5,10,15,1,7,Habilidad,KITTIN
11046,2,4,15,15,1,8,Familiar,KINGDOMINO
11045,2,4,45,45,2,8,Familiar,KINGDOM BUILDER
11044,2,4,20,30,1,8,Familiar,KING OF TOKYO ORIGINS
11012,1,5,60,60,2,10,Cooperativo,KING OF MONSTER ISLAND
11011,,,,,,,,UNFOLD KIDS: KID’S QUEST – MISSION COOKIES
11010,1,5,45,90,3,14,Estrategia,KEYSTONE: NORTH AMERICA
11008,2,4,30,45,2,10,Estrategia,KERO
11007,,,,,,,,KEOPS
11005,1,2,10,20,1,6,Abstracto,KATAMINO POCKET
11003,1,2,10,30,1,5,Abstracto,KATAMINO
11002,,,,,,,,KAOS
11001,2,5,20,30,1,8,Familiar,KAMELOOT
11000,,,,,,,,JUSTAS
10997,,,,,,,,JET LAG
10996,1,4,60,120,3,12,Estrategia,JERUSALEM ANNO DOMINI
10995,,,,,,,,JAWS MINI
10993,,,,,,,,IT CARD GAME
10992,2,5,40,60,2,10,Estrategia,ISTAMBUL BIG BOX
10991,2,5,45,45,2,10,Deducción,INKOGNITO
10989,,,,,,,,IMAGIDICE
10988,2,4,45,60,2,12,Estrategia,ILOS
10987,2,4,60,90,3,12,Estrategia,IKI
10985,1,4,60,90,3,10,Estrategia,HONEY BUZZ
10984,2,4,40,60,2,8,Familiar,HOLI FESTIVAL DE COLORES
10983,,,,,,,,HOGAR DULCE HOGAR
10952,2,2,20,20,2,9,Abstracto,HIVE POCKET
10951,2,10,30,30,1,16,Party,HITSTER
10949,4,10,30,45,1,12,Party,HINT
10948,2,6,45,60,2,14,Cartas,HIDDEN LEADERS
10947,,,,,,,,HEROES DE THERION
10946,2,4,20,30,2,12,Cartas,HERO REALM
10943,4,12,30,30,1,12,Party,HARRY POTTER TIMES UP
10942,2,4,10,20,1,6,Familiar,HARRY POTTER MEMOARR
10941,2,4,30,60,2,11,Cooperativo,HARRY POTTER HOGWARTS BATTLE
10940,1,4,30,45,2,10,Familiar,HARMONIES
10939,2,4,40,40,2,8,Familiar,HAPPY PIGS
10938,2,6,30,30,1,8,Expansión,HAPPY LITTLE DINOSAURS EXPANSION
10936,2,5,45,90,3,12,Estrategia,HANSA TEUTONICA BIG BOX
10934,2,5,25,25,2,8,Cooperativo,HANABI
10933,,,,,,,,HAMSTER GANGSTER
10932,1,4,30,120,4,12,Estrategia,HALLERTAU
10930,2,4,30,45,3,12,Cartas,GUNS & STEEL
10929,2,4,150,180,5,13,Expansión,GUERRA DEL ANILLO EXPANSION GUERREROS DE LA TIERRA MEDIA
10928,2,4,150,180,5,13,Expansión,GUERRA DEL ANILLO EXPANSION EL DESTINO DE EREBOR
10927,3,10,30,60,1,18,Adultos,GUATAFAC UNOS VICIOS
10926,3,10,30,60,1,18,Adultos,GUATAFAC EL PUNTO G
10925,2,4,75,150,4,12,Estrategia,GREAT WESTERN TRAIL
10924,,,,,,,,GRANJEROS
10923,2,5,60,90,3,14,Estrategia,GODSPEED
10892,2,4,20,20,1,5,Infantil,GO GECKO GO
10888,3,4,60,120,3,14,Estrategia,GEN7
10887,,,,,,,,GEAR OF WAR THE CARD GAME
10886,,,,,,,,GAUDI
10885,,,,,,,,GANG RUSH
10883,2,4,20,60,2,10,Estrategia,FUNKOPOP FUNKOVERSE BATMAN
10882,1,4,45,60,2,12,Familiar,FUNFAIR
10881,1,4,120,150,4,16,Cooperativo,FROST PUNK
10880,1,1,25,25,2,13,Cartas,FRIDAY A SOLO ADVENTURE
10879,1,4,45,60,2,10,Familiar,FOUR GARDENS
10878,3,7,90,120,2,14,Aventura,FORGOTTEN WATERS
10877,,,,,,,,FOOTBALL ROMPECABEZA 3D ESTADIO WEMBLY
10876,,,,,,,,FOOTBALL ROMPECABEZA 3D ESTADIO STAMFORD BRIDGE
10875,,,,,,,,FOOTBALL ROMPECABEZA 3D ESTADIO SIGNAL IDUNA PARK
10874,,,,,,,,FOOTBALL ROMPECABEZA 3D ESTADIO SANTIAGO BERNABEU
10873,,,,,,,,FOOTBALL ROMPECABEZA 3D ESTADIO SAN SIRO
10872,,,,,,,,FOOTBALL ROMPECABEZA 3D ESTADIO PARC DES PRINCES
10871,,,,,,,,FOOTBALL ROMPECABEZA 3D ESTADIO LUSAIL
10870,,,,,,,,FOOTBALL ROMPECABEZA 3D ESTADIO JUVENTUS STADIUM
10869,,,,,,,,FOOTBALL ROMPECABEZA 3D ESTADIO CAMP NOU
10868,,,,,,,,FOOTBALL ROMPECABEZA 3D ESTADIO ANFIELD
10867,,,,,,,,FOOTBALL ROMPECABEZA 3D ESTADIO ALLIANZ ARENA
10866,,,,,,,,FOOTBALL ROMPECABEZA 3D ESTADIO OLD TRAFFORD
10864,,,,,,,,FLIPTOWN
10863,1,5,60,60,2,10,Familiar,FLAMECRAFT
10832,1,4,30,45,2,14,Familiar,FIREFLY SHINY DICE
10831,,,,,,,,FESTIVAL
10830,,,,,,,,FENIX
10829,3,8,30,45,1,10,Party,FEELINKS REVELATION
10828,,,,,,,,FEATHERWEGHT FIESTA
10827,,,,,,,,FAVELAS
10826,2,6,30,45,2,14,Familiar,FAST AND FURIOUS
10824,,,,,,,,FANTASY PUB
10822,2,2,20,30,2,10,Cartas,FAIRY TALES INN
10821,2,5,15,15,1,7,Cartas,EXPLODING KITTENS ZOMBIE KITTENS
10820,2,10,15,30,1,7,Cartas,EXPLODING KITTENS RECIPES FOR DISASTER
10817,2,6,15,15,1,7,Expansión,EXPLODING KITTEN BARKING KITTENS
10816,1,4,45,90,3,12,Deducción,EXIT VUELO HACIA LO DESCONOCIDO
10815,1,4,45,90,3,12,Deducción,EXIT SOMBRAS SOBRE LA TIERRA MEDIA
10814,1,4,45,90,3,12,Deducción,EXIT ROBO EN EL MISISIPI
10813,1,4,45,90,3,12,Deducción,EXIT REGRESO A LA CABAÑA ABANDONADA
10812,1,4,45,90,3,12,Deducción,EXIT LA TUMBA DEL FARAON
10811,1,4,45,90,3,12,Deducción,EXIT LA PUERTA ENTRE LOS MUNDOS
10810,1,4,45,90,3,12,Deducción,EXIT LA MANSION SINIESTRA
10809,1,4,45,90,3,12,Deducción,EXIT LA ISLA OLVIDADA
10808,1,4,45,90,3,12,Deducción,EXIT LA ESTACION POLAR
10807,1,4,45,90,3,12,Deducción,EXIT LA DESAPARICION DE SHERLOCK HOLMES
10806,1,4,45,90,3,12,Deducción,EXIT LA CABAÑA ABANDONADA
10805,1,4,45,90,3,12,Deducción,EXIT FERIA TERRORIFICA
10804,1,4,45,90,3,12,Deducción,EXIT EL TESORO HUNDIDO
10803,1,4,45,90,3,12,Deducción,EXIT EL MUSEO MISTERIOSO
10772,1,4,45,90,3,12,Deducción,EXIT EL LEGADO DEL PROFESOR
10771,1,4,45,90,3,12,Deducción,EXIT EL LABERINTO MALDITO
10770,1,4,45,90,3,12,Deducción,EXIT EL FARO SOLITARIO
10769,1,4,45,90,3,12,Deducción,EXIT EL CASTILLO PROHIBIDO
10768,1,4,45,90,3,12,Deducción,EXIT EL BOSQUE ENCANTADO
10767,1,4,45,90,3,12,Deducción,EXIT CATATUMBAS DEL TERROR
10766,1,4,40,80,3,13,Estrategia,EVERDELL EDICION COLECCIONISTA
10765,1,4,40,80,3,13,Estrategia,EVERDELL EDICION ESENCIAL
10764,2,5,30,30,2,10,Cartas,EQUINOX
10762,1,5,45,60,2,10,Cooperativo,ENDANGERED
10760,3,10,30,30,1,16,Party,EL TONTO DEL PUEBLO REPITE LA ESO
10759,3,10,30,30,1,16,Party,EL TONTO DEL PUEBLO
10758,2,2,30,45,2,10,Estrategia,EL SEÑOR DE LOS ANILLOS LA BATALLA POR LA TIERRA MEDIA
10757,1,4,30,60,2,10,Cooperativo,EL SEÑOR DE LOS ANILLOS AVENTURA HACIA EL MONTE DEL DESTINO
10756,2,5,60,90,3,12,Cooperativo,EL SEÑOR DE LOS ANILLOS EDICION ANIVERSARIO
10755,2,5,15,20,1,3,Infantil,EL MONSTRUO DE COLORES
10754,3,6,90,120,2,12,Deducción,EL MISTERIO DE LA ABADIA
10752,,,,,,,,EL JARDIN DE ALICIA
10750,2,5,60,120,3,12,Estrategia,EL GRANDE
10749,2,4,30,60,2,10,Familiar,EL DORADO (INGLES)
10748,2,4,30,60,2,10,Familiar,EL DORADO (ESPAÑOL)
10747,,,,,,,,EL DOMINIO DE LOS ELEMENTOS
10746,,,,,,,,EL ANSIA
10743,2,4,90,90,4,13,Estrategia,DUNGEON PETZ
10712,2,6,10,20,1,8,Cartas,DUNGEON MAYHEM MONSTER MADNESS
10711,2,4,10,15,1,8,Cartas,DUNGEON MAYHEM
10710,,,,,,,,DUNGEON KART
10709,1,6,45,60,2,8,Expansión,DUNGEON FIGHTERS CASTILLO DE HIELO
10708,1,6,45,60,2,8,Habilidad,DUNGEON FIGHTER SEGUNDA EDICION
10707,2,6,120,180,4,14,Estrategia,DUNE UN JUEGO DE CONQUISTA Y DIPLOMACIA
10706,,,,,,,,DULCES SUEÑOS
10705,,,,,,,,DUCK
10702,,,,,,,,DRAGON CLANS
10700,2,4,30,60,3,12,Estrategia,DOWN IN FLAMES WWII GUNS BLAZING
10699,,,,,,,,DOS RIOS
10698,,,,,,,,DONUT SHOP
10697,2,6,60,120,1,12,Party,DONT GET GOT
10696,2,4,10,20,1,3,Infantil,DOMINO JUNIOR
10695,2,4,15,20,1,5,Infantil,DODO
10694,2,8,15,15,1,6,Habilidad,DOBBLE HP
10692,3,6,30,30,1,8,Expansión,DIXIT REVELATIONS
10691,3,6,30,30,1,8,Expansión,DIXIT QUEST
10690,3,6,30,30,1,8,Expansión,DIXIT ORIGINS
10689,3,6,30,30,1,8,Party,DIXIT JOURNEY
10688,3,6,30,30,1,8,Expansión,DIXIT DAYDREAM
10686,2,4,45,60,2,10,Estrategia,DISNEY SORCERERS ARENA
10685,,,,,,,,DISNEY MICKEY AND THE BEANSTALK
10684,1,4,60,120,3,14,Estrategia,DINOSAUR WORLD
10683,3,5,45,90,2,14,Estrategia,DILEMA DEL REY
10652,2,6,15,15,1,4,Infantil,DIFFERENCE JUNIOR
10650,,,,,,,,DICE STARS
10647,1,4,120,180,3,16,Deducción,DETECTIVE TODO EL MUNDO MIENTE BATMAN
10646,1,5,90,120,3,16,Deducción,DETECTIVE CIUDAD DE ANGELES
10645,,,,,,,,DETECTEAM FAMILY
10644,1,3,90,150,3,14,Aventura,DESTINIES
10643,,,,,,,,DESPISTAS
10641,,,,,,,,DERRAPE MENTAL
10638,1,4,60,60,3,12,Cooperativo,D DAY DICE
10637,1,6,15,25,1,8,Cooperativo,CUPCAKES ACADEMY
10635,2,5,20,20,1,8,Cartas,CUBIRDS
10634,1,4,60,90,3,12,Estrategia,CROWN OF EMARA
10633,,,,,,,,CRITTERS AT WAR
10631,1,5,60,90,2,10,Familiar,CREATURE COMFORTS
10628,2,6,30,30,1,8,Cartas,COVER YOUR ASSETS
10627,,,,,,,,COUPX
10626,2,2,30,60,3,14,Estrategia,COSMIC ENCOUNTER DUEL
10625,2,6,15,15,1,8,Habilidad,CORTEX HARRY POTTER
10624,1,4,30,45,2,7,Familiar,CORAQUEST
10623,,,,,,,,COPERNICO
10592,2,5,90,100,3,13,Estrategia,CONCORDIA
10591,,,,,,,,COMETAS HORA DE VOLAR
10590,,,,,,,,COMET
10589,,,,,,,,COME NACHOS
10588,,,,,,,,COLOR FIELD
10587,2,12,30,30,1,12,Palabras y trivia,COLOR BRAIN DISNEY
10586,1,6,60,60,2,14,Deducción,COLD CASE UNA PIZCA DE ASESINATO
10585,1,6,60,60,2,14,Deducción,COLD CASE UNA HISTORIA DE MUERTE
10583,2,4,20,30,2,7,Cartas,CODEX NATURALIS
10581,2,6,45,45,1,8,Deducción,CLUE GAME RETRO SERIES
10580,2,6,45,45,1,8,Deducción,CLUE
10579,2,4,30,45,2,8,Familiar,CLOUD CITY
10577,2,8,20,60,2,10,Cartas,CIUDADELAS CLASSICO
10574,,,,,,,,CHICKEN LOVE
10573,,,,,,,,CHEATER CHEF
10572,1,6,45,75,3,14,Estrategia,CHARTERSTONE
10570,2,2,30,30,2,14,Estrategia,CAESAR
10568,2,4,30,40,2,8,Familiar,CENA EN PARIS
10567,,,,,,,,CAZA MANZANAS
10566,,,,,,,,CAZA BOMBAS
10564,3,4,60,120,2,10,Estrategia,CATAN PLUS
10563,5,6,90,120,3,12,Expansión,CATAN EXPANSION 5-6 PERSONAS NAVEGANTES
10532,5,6,90,120,3,12,Expansión,CATAN EXPANSION 5-6 PERSONAS MERCADERES Y BARBAROS
10531,1,1,5,30,2,8,Abstracto,CATAN LOGIC PUZZLES
10528,3,4,60,120,2,10,Estrategia,CATAN JUEGO BASE INGLES
10527,3,4,60,120,2,10,Estrategia,CATAN JUEGO BASE ESPAÑOL
10526,3,4,90,120,3,12,Expansión,CATAN EXPANSION NAVEGANTES
10525,3,4,90,120,3,12,Expansión,CATAN EXPANSION MERCADERES Y BARBAROS
10523,3,4,90,120,3,12,Expansión,CATAN EXPANSION CIUDADES Y CABALLEROS
10522,5,6,90,120,3,12,Expansión,CATAN EXPANSION 5-6 PERSONAS CIUDADES Y CABALLEROS
10519,3,4,90,90,3,12,Estrategia,CATAN EL AUGE DE LOS INCAS
10518,3,4,60,90,2,10,Estrategia,CATAN EDICION DE VIAJE
10517,5,6,60,120,2,10,Expansión,CATAN EXPANSION 5-6 PERSONAS BASE ESPAÑOL
10516,5,6,60,120,2,10,Expansión,CATAN EXPANSION 5-6 PERSONAS BASE INGLES
10515,1,4,30,45,2,10,Familiar,CASCADIA
10513,1,4,60,120,4,14,Estrategia,CARNEGIE
10512,1,6,15,30,1,8,Habilidad,CARDS VS GRAVITY
10511,2,6,35,45,2,7,Familiar,CARCASSONNE 20TH ANIVERSARY
10509,2,8,45,60,2,12,Party,CAPTAIN SONAR
10508,2,4,30,30,1,7,Familiar,CAN’T STOP
10507,2,6,20,30,1,8,Cartas,CAMEL UP JUEGO CARTAS
10506,,,,,,,,CAMARA ROLL
10504,2,4,45,45,2,8,Familiar,CACAO
10503,,,,,,,,CABRITOS
10472,,,,,,,,BYE BYE MR FOX
10471,1,4,60,90,3,12,Cooperativo,BURGLE BROS 2 OPERACION CASINO
10470,2,4,60,120,4,14,Estrategia,BRASS BIRMINGHAM
10468,1,8,10,15,1,8,Palabras y trivia,BRAIN BOX FUTBOL
10467,1,8,10,15,1,8,Palabras y trivia,BRAIN BOX EL MUNDO
10466,,,,,,,,BOT FACTORY
10464,2,15,10,60,1,12,Deducción,BLACK STORIES N°1
10462,2,15,10,60,1,12,Deducción,BLACK STORIES EDICION CADAVERES Y MALA SUERTE
10461,2,15,10,60,1,12,Deducción,BLACK STORIES EDICION ATENCION CONSPIRACION
10460,2,15,10,60,1,12,Deducción,BLACK STORIES 4
10458,2,5,30,45,1,14,Cartas,BLACK MIRROR NOSEDIVE
10457,,,,,,,,BITCOIN HACKERS
10454,1,5,90,120,3,14,Deducción,BEDLAM IN NEVERWINTER
10452,1,4,60,120,4,14,Estrategia,BARRAGE
10451,4,7,20,40,2,8,Cartas,BANG
10450,,,,,,,,BALI
10449,2,4,45,60,2,10,Familiar,BACK TO THE FUTURE
10447,1,4,60,120,3,12,Estrategia,GRAN HOTEL AUSTRIA
10446,,,,,,,,ASTRA
10445,2,4,30,45,2,10,Familiar,ART SOCIETY
10444,,,,,,,,AROUND THE WORLD DISNEY
10443,1,4,90,150,4,14,Estrategia,ARK NOVA
10412,1,5,60,80,3,12,Estrategia,ARCHITECTS OF THE WEST KINGDOM
10411,2,4,30,45,2,10,Familiar,ARCHEOS SOCIETY
10410,2,4,60,120,3,14,Expansión,ARCADIA QUEST JINETES
10409,1,4,60,120,3,10,Cooperativo,LAS LEYENDAS DE ANDOR EL FRIO ETERNO
10408,2,4,30,45,2,10,Cartas,AMUN-RE EL JUEGO DE CARTAS
10404,,,,,,,,ALICEMATIC HEROES
10403,3,5,90,90,2,14,Deducción,ALICE HA DESAPARECIDO
10402,2,4,45,60,2,10,Familiar,ALDABAS PUERTAS DE CARTAGENA
10401,,,,,,,,ALCACHOFAS NO GRACIAS
10399,2,2,30,60,3,7,Clásico,AJEDREZ LUXE EDITION
10397,1,5,40,140,4,12,Estrategia,AGE OF INNOVATION
10396,1,4,30,45,2,10,Cartas,AFTER US
10395,3,7,40,40,3,10,Expansión,7 WONDERS LEADERS
10394,3,7,40,40,3,10,Expansión,7 WONDERS EDIFICE
10393,3,7,40,40,3,10,Expansión,7 WONDERS ARMADA
10391,2,2,30,30,3,10,Estrategia,7 WONDER DUEL
10390,3,8,40,40,3,10,Expansión,7 WONDER CITIES
10389,,,,,,,,50 POSITIONS OF BONDAGE
10388,1,6,5,5,1,8,Cooperativo,5 MINUTES MYSTERY
10387,1,6,5,5,1,8,Cooperativo,5 MINUTES MORE
10386,,,,,,,,1988 ISS
10385,1,4,45,90,3,12,Estrategia,1923 COTTON CLUB
10384,,,,,,,,1500M
10383,2,4,15,15,1,8,Cartas,13 GHOST
