local,estado,juego_db,slug,dudoso,nota
7 WONDERS,visible,7 Wonders,7-wonders,,
ACROPOLIS,visible,Akropolis,akropolis,,
AFTER US,oculto,After Us,after-us,,
AGRICOLA ADICION ANIVERSARIO,no esta,,,,
AIRE TIERRA Y MAR,visible,"Aire, Tierra y Mar",aire-tierra-y-mar,,
ALQUIMISTA,visible,Alquimistas,alquimistas,,
AMONG CULTIS,visible,Among Cultists,among-cultists,,
ANARCHY PANCAKES,visible,Anarchy Pancakes,anarchy-pancakes,,
ANARCHY PANCAKES DOBBLE PRESENT,no esta,,,,
ANNO 1800,visible,Anno 1800,anno-1800,,
AQUA,visible,Aqua,aqua,,
ARKHAM HORROR,visible,Arkham Horror: The Card Game,arkham-horror-the-card-game,si,puede ser el de tablero
AVALON,visible,Avalon,avalon,,
AZUL,no esta,,,,
AZUL SUMMER PAVILION,no esta,,,,
BAHAMAS,visible,Bahamas,bahamas,,
BANG!,oculto,Bang,bang,,
BARKING KITTENS,visible,Barking Kittens,barking-kittens,,
BASTA,visible,Basta,basta,,
BEDROOM BATTLE,visible,Bedroom Battle,bedroom-battle,,
BETRAYAL AT THE HOUSE OF THE HILL,visible,Betrayal at House on the Hill,betrayal-at-house-on-the-hill,,
BIENVENIDO A MAZMORRA,visible,Bienvenido a la Mazmorra,bienvenido-a-la-mazmorra,,
BITCOIN HACKERS,oculto,Bitcoin Hackers,bitcoin-hackers,,
BITOKU,visible,Bitoku,bitoku,,
BLACK MIRROR,visible,Black Mirror,black-mirror,,
BLACK STORIES,visible,Black Stories,black-stories,,
BLACK STORIES HOLLYWOOD,visible,Black Stories: Muerte en Hollywood,black-stories-muerte-en-hollywood,,
BLIND BUSINESS,visible,Blind Business,blind-business,,
BLOCKBUSTER,no esta,,,,
BLOOD ON THE CLOCKTOWER,no esta,,,,
BLOOM TOWN,visible,Bloom Town,bloom-town,,
CAMEL UP,visible,Camel Up,camel-up,,
CAMEL UP JUEGO CARTAS,oculto,Camel Up Juego Cartas,camel-up-juego-cartas,,
CAMPY CREATURES,visible,Campy Creatures,campy-creatures,,
CAN’T STOP,oculto,Can’T Stop,cant-stop,,
CARCASONNE,visible,Carcassonne,carcassonne,,
CARCASSONNE ABBEY&MAYOR,no esta,,,,
CARCASSONNE BRIDGE CASTLE AND BAZZAR,no esta,,,,
CARCASSONNE CATAPULT,no esta,,,,
CARCASSONNE INN&CATHEDRALS,no esta,,,,
CARCASSONNE ORIGINAL,visible,Carcassonne,carcassonne,,
CARCASSONNE THE PRINCESS&THE DRAGON,no esta,,,,
CARCASSONNE THE TOWER,no esta,,,,
CARCASSONNE+RIVER EXPANSION,no esta,,,,
CARDS VS GRAVITY,oculto,Cards vs Gravity,cards-vs-gravity,,
CARPEN DIEM,visible,Carpe Diem,carpe-diem,,
CARTAS ESPANOLAS,visible,Naipe Español,naipe-espanol,,
CASCADIA,oculto,Cascadia,cascadia,,
CATAN 5-6 PLAYERS,visible,Catan Ampliación 5 a 6,catan-ampliacion-5-a-6,,
CATAN GAME OF THRONE,visible,Catan Game of Thrones,catan-game-of-thrones,,
CATAN ORIGINAL,visible,Catan,catan,,
CATAN ORIGINAL INGLES,oculto,Catan Juego Base Ingles,catan-juego-base-ingles,,
CAZA MANZANAS,oculto,Caza Manzanas,caza-manzanas,,
CHAO PESCAO!,visible,Chao Pescao!,chao-pescao,,
CITADELS,visible,Citadels,citadels,,
CLANK CATACUMBAS,visible,Clank! Catacumbas,clank-catacumbas,,
CLANK SPACE,visible,Clank! In! Space!,clank-in-space,,
CODENAMES PICTURES,visible,Codenames Pictures,codenames-pictures,,
COLT EXPRESS,visible,Colt Express,colt-express,,
COME NACHOS,oculto,Come Nachos,come-nachos,,
COMETAS HORA DE VOLAR,oculto,Cometas Hora de Volar,cometas-hora-de-volar,,
CORA QUEST,oculto,Coraquest,coraquest,,
CUBIRDS,oculto,Cubirds,cubirds,,
CUBITOS,visible,Cubitos,cubitos,,
DANNY,visible,Dany,dany,,
DEEP SEA ADVENTURE,visible,Deep Sea Adventure,deep-sea-adventure,,
DERRAPE MENTAL,oculto,Derrape Mental,derrape-mental,,
DESCUBRE QUIEN ROBO EL GALLINERO,visible,Descubre Quién Robó el Gallinero,descubre-quien-robo-el-gallinero,,
DETECTIVE,visible,Detective,detective,,
DETECTIVE PARANORMALES,visible,Detectives Paranormales,detectives-paranormales,,
DETECTIVE TODO EL MUNDO MIENTE,oculto,Detective Todo el Mundo Miente Batman,detective-todo-el-mundo-miente-batman,,
DIA DE CARRERAS,visible,Un Día en las Carreras,un-dia-en-las-carreras,,
DILEMA DEL REY,oculto,Dilema del Rey,dilema-del-rey,,
DIVINITY DERBY,visible,Divinity Derby,divinity-derby,,
DIX IT ODYSSEY,visible,Dixit Odyssey,dixit-odyssey,,
DIXIT,visible,Dixit,dixit,,
DO OR DRINK,visible,Do or Drink,do-or-drink,,
DOMINION,visible,Dominion,dominion,,
DOMINION INTRIGA,no esta,,,,
DOMINO,visible,Dominó,domino,,
DRAGON CLANS,oculto,Dragon Clans,dragon-clans,,
DRAGON KEEPERS,visible,Dragon Keepers,dragon-keepers,,
DRAGON MASTER,visible,Dragon Master,dragon-master,,
DRINKING GAMES,visible,Adult Drinking Games,adult-drinking-games,,
DUEL,no esta,,,,ambiguo: puede ser 7 Wonders Duel o Splendor Duel
DUNGEON PETZ,oculto,Dungeon Petz,dungeon-petz,,
DUNGEON RAIDER,visible,Dungeon Raiders,dungeon-raiders,,
EL ABEJORRO TRAMPOSO,visible,El Abejorro Tramposo,el-abejorro-tramposo,,
EL DORADO,visible,El Dorado,el-dorado,,
EL LABERINTO MAGICO,visible,El Laberinto Mágico,el-laberinto-magico,,
EL REY DE LOS DADOS,visible,El Rey de los Dados,el-rey-de-los-dados,,
EL TONTO DEL PUEBLO,visible,El Tonto del Pueblo,el-tonto-del-pueblo,,
ELDRITCH HORROR,visible,Eldritch Horror,eldritch-horror,,
ENSEMBLE,visible,Ensemble,ensemble,,
ENTRE TRAGOS,no esta,,,,
ESPN TRIVIA,visible,ESPN Trivia Night,espn-trivia-night,,
EXCAVATION EARTH,no esta,,,,Escalation Earth es otro juego
EXIT EL JUEGO KIDS,visible,Exit Kids,exit-kids,,
EXPLODING KITTEN RECIPES FOR DESASTER,oculto,Exploding Kittens Recipes For Desaster,exploding-kittens-recipes-for-desaster,,
EXPLODING KITTENS,visible,Exploding Kittens,exploding-kittens,,
EXPLODING KITTENS GOOD VS EVIL,visible,Exploding Kittens: Good vs Evil,exploding-kittens-good-vs-evil,,
EXPRESSION PUZZLE BUILDING BLOCK,oculto,Expression Puzzle Building Blocks,expression-puzzle-building-blocks,,
FANTASMA BLITZ,visible,Fantasma Blitz,fantasma-blitz,,
FEATHERWEIGHT FIESTA,visible,Featherweight Fiesta,featherweight-fiesta,,
FINAL GIRL CORE BOX,oculto,Final Girl Core Box,final-girl-core-box,,
FIREFLY,oculto,Firefly Shiny Dice,firefly-shiny-dice,si,puede ser el de tablero
FLASH 10,visible,Hash 10,hash-10,,nombre en la base probablemente mal escrito
FOG OF LOVE,visible,Fog of Love,fog-of-love,,
FUTURE INC,no esta,,,,
GAME OF THRONES HAND OF THE KING,visible,Game of Thrones: Hand of the King,game-of-thrones-hand-of-the-king,,
GANGES,visible,Ganges,ganges,,
GET ON BOARD,visible,Get on Board,get-on-board,,
GO CUCKOO!,visible,Go Cuckoo,go-cuckoo,,
GODSPEED,oculto,Godspeed,godspeed,,
GOOD FACE BAD FACE,visible,Good Face,good-face,,
GREAT WESTERN TRAIL,oculto,Great Western Trial,great-western-trial,,
GUERRA DEL ANILLO,oculto,La Guerra del Anillo – Noticias y No Cargas,la-guerra-del-anillo-noticias-y-no-cargas,,
HALLI GALLI,visible,Halli Galli,halli-galli,,
HANABI,visible,Hanabi,hanabi,,
HAPPY LITTLE DINOSAUR SMILE ITS ALMOST OVER,no esta,,,,
HAPPY LITTLE DINOSAURS,visible,Happy Little Dinosaurs,happy-little-dinosaurs,,
HARRY POTTER JUEGO CARTAS,no esta,,,,
HEAT,visible,Heat,heat,,
HELLAPAGOS,visible,Hellapagos,hellapagos,,
HITSTER BINGO,visible,Hitster: Bingo,hitster-bingo,,
HITSTER ESPANOL,visible,Hitster 100% Español,hitster-100-espanol,,
HITSTER ORIGINAL,oculto,Hitster,hitster-original,,
HITSTER SUMMER,visible,Hitster: Summer Party,hitster-summer-party,,
HITSTER TEMAZOS,visible,Hitster: Lemazon,hitster-lemazon,,nombre en la base probablemente mal escrito
HIVE POCKET,oculto,Hive Pocket,hive-pocket,,
ICEBERG,visible,Iceberg,iceberg,,
IMAGIDICE,oculto,Imagidice,imagidice,,
IMPRACTICAL JOKERS,no esta,,,,
INCOMODOS INVITADOS 2,visible,Incómodos Invitados 2,incomodos-invitados-2,,
JAIPUR,visible,Jaipur,jaipur,,
JERUSALEM,visible,Jerusalém,jerusalem,,
JUEGO DE TRONOS JUEGO DE CARTAS,visible,Juego de Tronos: El Juego de Cartas,juego-de-tronos-el-juego-de-cartas,,
JUEGO DE TRONOS JUEGO TABLERO,visible,Juego de Tronos: El Juego de Tablero,juego-de-tronos-el-juego-de-tablero,,
JUEGO DE TRONOS JUEGO TABLERO EXPANSION,no esta,,,,
JUEGO DE TRONOS TRONO DE HIERRO,no esta,,,,
JUST ONE,visible,Just One,just-one,,
KANBAN DRIVERS EDITION,no esta,,,,
KATAMINO,oculto,Katamino,katamino-classic,,
KATAMINO FAMILY,visible,Katamino Family,katamino-family,,
KATAMINO TOWER,visible,Katamino Tower / Katamino,katamino-tower-katamino,,
KING OF TOKIO,visible,King of Tokyo,king-of-tokyo,,
KITTIN,oculto,Kittin,kittin,,
KLASK,no esta,,,,
LA BUSQUEDA DE LA FELICIDAD,visible,La Búsqueda de la Felicidad,la-busqueda-de-la-felicidad,,
LA BUSQUEDA DEL PLANETA X,visible,La Búsqueda del Planeta X,la-busqueda-del-planeta-x,,
LA GRAN DIVISION,no esta,,,,La Gran Misión es otro juego
LA RESISTENCIA,visible,La Resistencia,la-resistencia,,
LA TRIPULACION,oculto,La Tripulacion,la-tripulacion,,
LAS AVENTURAS DE ROBIN HOOD,visible,Las Aventuras de Robin Hood,las-aventuras-de-robin-hood,,
LAS TRIBUS DEL VIENTO,oculto,Tribes Of The Wind,tribes-of-the-wind,,
LAS VEGAS ROYALE,visible,Las Vegas Royale,las-vegas-royale,,
LINEAS MAESTRAS,visible,Líneas Maestras,lineas-maestras,,
LOOOT,oculto,Looot,loot-11067,,
LORD OF VEGAS,visible,Lords of Vegas,lords-of-vegas,,
LOVE LETTER,visible,Love Letter,love-letter,,
LULA,visible,Lulas,lulas,si,
LUNA CAPITAL,oculto,Luna Capital,luna-capital,,
MAL TRAGO,visible,Mal Trago,mal-trago,,
MANIACAL,visible,Maniacal,maniacal,,
MARABUNTA,visible,Marabunta,marabunta,,
MARVEL UNITED,no esta,,,,
MASTERMIND,no esta,,,,
MAZOS DE CARTAS,no esta,,,,
MEME THE GAME,visible,Meme The Game,meme-the-game,,
MEME THE GAME DISNEY,visible,Meme The Game: Disney,meme-the-game-disney,,
MENTE VACUNA,visible,Mente Vacuna,mente-vacuna,,
MI TIENDA,oculto,Mi Tienda,mi-tienda,,
MI TIERRA,visible,Nueva Era Mi Tierra,nueva-era-mi-tierra,si,
MIAMI VICE,no esta,,,,
MICKEY AND THE BEANSTALK,visible,Mickey and the Beanstalk,mickey-and-the-beanstalk,,
MILLE BORNES,no esta,,,,
MINECRAFT BUILDERS&BIOMES,visible,Minecraft: Builders & Biomes,minecraft-builders-biomes,,
MINECRAFT CARD GAME,oculto,Minecraft Card Game,minecraft-card-game,,
MISTER PEDO,visible,Mister Pedo,mister-pedo,,
MONOPOLY DELUXE EDITION,no esta,,,,
MONOPOLY SECRET VAULT,visible,Monopoly Secret Vault,monopoly-secret-vault,,
MONSTER MADNESS,visible,Monster Madness,monster-madness,,
NARCOS,visible,Narcos,narcos,,
NIMALIA,visible,Nimalia,nimalia,,
OBSCURIO,visible,Obscurio,obscurio,,
OCEANOS,visible,Océanos,oceanos,,
ONE NIGHT WEREWOLF,oculto,One Night Werewolf,one-night-werewolf,,
OPTIMUS,visible,Optimus,optimus,,
OUCH!,visible,Ouch,ouch,,
OUT OF THIS WORLD,visible,Out of This World,out-of-this-world,,
PALEO,oculto,Paleo,paleo,,
PAN AM,visible,Pan Am,pan-am,,
PANDEMIC,oculto,Pandemic,pandemic,,
PANDEMIC ON THE BRINK,no esta,,,,
PANIC LAB,visible,Panic Lab,panic-lab,,
PANIC MANSION,visible,Panic Mansión,panic-mansion,,
PARIS,visible,París,paris,,
PARIS NEW EDEN,visible,París: New Eden,paris-new-eden,,
PAW PATROLS,visible,Spot It: Paw Patrol,spot-it-paw-patrol,si,
PEEK A MOUSE,visible,Peek a Mouse,peek-a-mouse,,
PELUSAS BORBOTOS,oculto,Pelusas Borbotos,pelusas-borbotos,,
PICK A CERDO,visible,Pick a Cerdo,pick-a-cerdo,,
PICTIONARY AIR,visible,Pictionary Air,pictionary-air,,
PISTAS CRUZADAS,visible,Pistas Cruzadas,pistas-cruzadas,,
PLANET B,no esta,,,,Planet 3 parece otro juego
POCIMAS Y BREBAJES,visible,Pócimas y Brebajes,pocimas-y-brebajes,,
POKER DE BICHOS,visible,Póquer de Bichos,poquer-de-bichos,,
POLILLA TRAMPOSA,visible,Polilla Tramposa,polilla-tramposa,,
POR NORTHWOOD,visible,Por Northwood,por-northwood,,
PORT ROYALE BIG BOX,oculto,Port Royal Big Box,port-royal-big-box,,
PRADERA,visible,Pradera,pradera,,
PRIME CLIMB,visible,Prime Climb,prime-climb,,
QAWALE,visible,Qawale,qawale,,
QUIXO,visible,Quixo,quixo,,
QUORIDOR PACMAN,oculto,Quoridor Pacmac,quoridor-pacmac,,
RA,visible,Ra,ra,,
RALLYMAN,visible,Rallyman,rallyman,,
REMIX,oculto,Marvel Remix,marvel-remix,si,puede ser otro Remix
REMOLACHA,visible,Remolacha,remolacha,,
RESCATE,visible,Rescate,rescate,,
REVELATIONS,oculto,Dixit Revelations,dixit-revelations,si,expansión de Dixit
RHINO HERO ORIGINAL,visible,Rhino Hero,rhino-hero,,
RHINO HERO SUPER BATTLE,visible,Rhino Hero: Super Battle,rhino-hero-super-battle,,
RISK GAME OF THRONES,oculto,Risk Game Of Thrones,risk-game-of-thrones,,
RITMO Y BOLA,visible,Ritmo y Bola,ritmo-y-bola,,
ROBINSON CRUSADE,visible,Robinson Crusoe,robinson-crusoe,,
RUMMIKUB,oculto,Rummikub,rummikub,,
RUSH MD,oculto,Rush Md,rush-md,,
SABOTEUR,visible,Saboteur,saboteur,,
SAGRADA,visible,Sagrada,sagrada,,
SANCTUM,oculto,Sanctum,sanctum,,
SCOUT,oculto,Scout,scout,,
SCRAWL,visible,Scrawl,scrawl,,
SCREAM,visible,Scream,scream,,
SCYTHE,oculto,Scythe,scythe,,
SECRET HITLER,visible,Secret Hitler,secret-hitler,,
SEINFIELD TRIVIA,visible,Seinfeld,seinfeld,si,
SEQUENCE,visible,Sequence,sequence,,
SEQUENCE CLASSIC,visible,Sequence,sequence,,
SET,visible,Set,set,,
SHERIFF DE NOTTINGHAM,visible,Sheriff de Nottingham,sheriff-de-nottingham,,
SKULL,oculto,Skull,skulls,,
SMALL WORLD OF WARCRAFT,no esta,,,,
SMART 10,visible,Smart 10,smart-10,,
SMASH CITY,visible,Smash City,smash-city,,
SORCERER ARENA,oculto,Disney Sorcerers Arena,disney-sorcerers-arena,,
SOVIET KITCHEN,visible,Soviet Kitchen,soviet-kitchen,,
SPACE CADETS SPACE DUEL,no esta,,,,Space Cadets: Dice Duel es otro juego que Space Cadets
SPARTACUS,visible,Spartacus,spartacus,,
SPEED STACKS,no esta,,,,
SPLENDOR,visible,Splendor,splendor,,
SPLENDOR DUEL,visible,Splendor Duel,splendor-duel,,
SPOT IT,oculto,Spot It,spot-it,,
STAR WARS BOLSITA,visible,Star Wars,star-wars,si,
STATION FALL,oculto,Stationfall,stationfall,,
STONE AGE,visible,Stone Age,stone-age,,
STRIKE,visible,Strike,strike,,
SUPERCLUB JUEGO BASE,visible,Superclub,superclub,,
SUPERCLUB OFFICIAL EXPANSION,visible,Superclub: Expansión Oficial,superclub-expansion-oficial,,
SUPERCLUB OFFICIAL EXPANSION 202223,no esta,,,,
SUPERCLUB TOP SIX EXPANSION,oculto,Superclub Top Six Expansion Green/Pink,superclub-top-six-expansion-green-pink,,
SURVIVE SPACE ATTACK,oculto,Survive Space Attacks,survive-space-attacks,,
SUSHI GO PARTY,visible,Sushi Go Party,sushi-go-party,,
TABERNA DE VALFONDA,visible,Las Tabernas de Valfonda,las-tabernas-de-valfonda,,
TACO GATO CABRA,visible,"Taco, Gato, Cabra, Queso, Pizza",taco-gato-cabra-queso-pizza,,
TACO VS BURRITO,oculto,Taco vs Burrito,taco-vs-burrito,,
TALISMAN,visible,Talisman,talisman,,
TASK TEAM,oculto,Taskteam,taskteam,,
THE CHAMELEON,visible,The Chameleon,the-chameleon,,
THE CLIMBERS,visible,The Climbers,the-climbers,,
THE GODFATHER,visible,The Godfather,the-godfather,,
THE GOOD THE BAD AND THE MUNCHKIN,visible,"The Good, the Bad and the Munchkin",the-good-the-bad-and-the-munchkin,,
THE LOGO GAME,no esta,,,,
THE MIND,visible,The Mind,the-mind,,
THE MIND EXTREME,visible,The Mind: Extreme,the-mind-extreme,,
THE MIND SOULMATES,visible,The Mind: Soulmates,the-mind-soulmates,,
THE WALKING DEAD CARD GAME,visible,The Walking Dead,the-walking-dead,si,
THROUGHT THE AGES,oculto,Through The Ages,through-the-ages,,
TICKET TO RIDE,oculto,Ticket To Ride,ticket-to-ride-original,,
TICKET TO RIDE EUROPE,oculto,Ticket To Ride Europe,ticket-to-ride-europe,,
TOKAIDO,oculto,Tokaido,tokaido,,
TONGUES OUT,no esta,,,,
TOP GUN,visible,Top Gun,top-gun,,
TOTAL DOMINATION,visible,Total Domination,total-domination,,
TRAPWORLDS,oculto,Trapwords,trapwords,,
TRIOLET,visible,Triolet,triolet,,
UNSTABLE UNICORNS,visible,Unstable Unicorns,unstable-unicorns,,
VILLAGE GREEN,oculto,Village Green,village-green,,
VILLANOUS,visible,Villainous: Disney,villainous-disney,,
VIRUS,visible,Virus!,virus,,
VIRUS 2,visible,Virus! 2,virus-2,,
VITICULTURE,oculto,Viticulture,viticulture,,
WELCOME TO THE MOON,visible,Welcome to the Moon,welcome-to-the-moon,,
WHAT DO YOU MEME?,visible,What Do You Meme?,what-do-you-meme,,
WINNERS CIRCLE,oculto,Winners Circle,winners-circle,,
WORLDSMITH,visible,Wordsmith,wordsmith,,
YO NUNCA REVOLUTION,oculto,Yo Nunca Revolution,yo-nunca-revolution,,
YOGI,visible,Yogi,yogi,,
ZOMBIE KITTENS,visible,Zombie Kittens,zombie-kittens,,
