slug,jugadores_min,jugadores_max,duracion_min,duracion_max,dificultad,edad_min,categoria,nombre
agricola-edicion-aniversario,1,4,30,150,4,12,Estrategia,Agricola Edición Aniversario
anarchy-pancakes-dobble-present,,,,,,,,Anarchy Pancakes Dobble Present
azul,2,4,30,45,2,8,Abstracto,Azul
azul-summer-pavilion,2,4,30,45,2,8,Abstracto,Azul: Summer Pavilion
blockbuster,4,10,30,30,1,12,Party,Blockbuster
blood-on-the-clocktower,5,20,60,90,3,14,Deducción,Blood on the Clocktower
carcassonne-abadia-y-alcalde,2,6,45,60,2,8,Expansión,Carcassonne: Abadía y Alcalde
carcassonne-puente-castillo-y-bazar,2,6,45,60,2,8,Expansión,Carcassonne: Puente Castillo y Bazar
carcassonne-catapulta,2,6,45,60,2,8,Expansión,Carcassonne: Catapulta
carcassonne-posadas-y-catedrales,2,6,45,60,2,8,Expansión,Carcassonne: Posadas y Catedrales
carcassonne-la-princesa-y-el-dragon,2,6,45,60,2,8,Expansión,Carcassonne: La Princesa y el Dragón
carcassonne-la-torre,2,6,45,60,2,8,Expansión,Carcassonne: La Torre
carcassonne-con-el-rio,2,5,35,45,2,7,Familiar,Carcassonne + Expansión El Río
dominion-intriga,2,4,30,30,3,13,Cartas,Dominion: Intriga
entre-tragos,3,10,30,60,1,18,Adultos,Entre Tragos
excavation-earth,1,4,60,120,3,14,Estrategia,Excavation Earth
future-inc,,,,,,,,Future Inc
happy-little-dinosaurs-expansion-local,2,6,30,30,1,8,Expansión,Happy Little Dinosaurs: Smile It's Almost Over
harry-potter-juego-de-cartas,,,,,,,,Harry Potter Juego de Cartas
impractical-jokers,3,8,30,45,1,17,Party,Impractical Jokers
juego-de-tronos-tablero-expansion,3,6,120,240,4,14,Expansión,Juego de Tronos: El Juego de Tablero (Expansión)
juego-de-tronos-trono-de-hierro,3,6,60,120,3,14,Estrategia,Juego de Tronos: Trono de Hierro
kanban-drivers-edition,1,4,90,150,5,14,Estrategia,Kanban: Driver's Edition
klask,2,2,10,10,1,8,Habilidad,Klask
la-gran-division,,,,,,,,La Gran División
marvel-united,1,4,40,40,2,10,Cooperativo,Marvel United
mastermind,2,2,20,20,2,8,Clásico,Mastermind
miami-vice,,,,,,,,Miami Vice
mille-bornes,2,6,30,45,1,7,Clásico,Mille Bornes
monopoly-deluxe-edition,2,8,60,180,1,8,Clásico,Monopoly Deluxe Edition
pandemic-on-the-brink,2,5,45,45,3,10,Expansión,Pandemic: On the Brink
planet-b,,,,,,,,Planet B
small-world-of-warcraft,2,5,40,80,2,8,Estrategia,Small World of Warcraft
space-cadets-dice-duel,4,8,30,30,2,13,Party,Space Cadets: Dice Duel
speed-stacks,2,4,10,15,1,6,Habilidad,Speed Stacks
superclub-official-expansion-2022-23,1,4,60,120,3,14,Expansión,Superclub Official Expansion 2022/23
the-logo-game,2,10,30,45,1,10,Palabras y trivia,The Logo Game
tongues-out,,,,,,,,Tongues Out
