nombre,categoria,estado_bgg,en_local,jugadores,duracion_min,dificultad,edad,sin_portada
¿Que me estás Container?,Party,ok,,4-8,30,1,12,
25 Outlaws,Cartas,ok,,2-5,20,3,17,
25 Outlets,Cartas,sin_resultado,,2-2,20,2,10,si
Adult Drinking Games,Adultos,dudoso,si,2-10,30,1,18,si
Agricola Edición Aniversario,Estrategia,sin_resultado,si,1-4,30,4,12,si
Alianza Épica,Cartas,dudoso,,2-6,30,2,10,si
Aqua,Familiar,dudoso,si,1-4,40,2,8,si
Around the World,Familiar,dudoso,,2-6,45,2,8,si
Bang,Cartas,dudoso,si,4-7,20,2,8,
Baraja para Citar,Adultos,sin_resultado,,2-2,30,1,18,si
Basta 20,Palabras y trivia,sin_resultado,,2-8,20,1,8,si
Beat Stitch,Party,sin_resultado,,2-8,30,1,8,si
Bedroom Battle,Adultos,ok,si,2-2,30,1,18,
Big Boss / Bohnanza,Cartas,sin_resultado,,2-7,45,2,13,si
Bitcoin,Familiar,dudoso,,2-6,45,2,10,si
Black Mirror,Party,dudoso,si,3-6,45,1,13,si
Boogeyman,Cooperativo,dudoso,,1-4,30,2,8,
Brain Chess,Abstracto,dudoso,,2-2,20,2,8,si
Cabrito,Cartas,dudoso,,2-6,20,1,8,si
Camel Up Juego Cartas,Cartas,dudoso,si,2-6,20,1,8,
Can’T Stop,Familiar,dudoso,si,2-4,30,1,7,
Candy Humanity: Family,Party,sin_resultado,,3-10,30,1,8,si
Candy vs Gravity,Habilidad,sin_resultado,,2-4,15,1,6,si
Carcassonne + Expansión El Río,Familiar,sin_resultado,si,2-5,35,2,7,si
Carcassonne: Abadía y Alcalde,Expansión,dudoso,si,2-6,45,2,8,si
Carcassonne: Puente Castillo y Bazar,Expansión,sin_resultado,si,2-6,45,2,8,si
Catan Juego Base Ingles,Estrategia,sin_resultado,si,3-4,60,2,10,
Catan Juego de Cartas,Cartas,dudoso,,2-2,60,3,10,si
Cazabombas,Party,sin_resultado,,2-6,20,1,8,si
Chúpate Esa,Adultos,ok,,3-8,30,1,18,
Con Eso No Se Jode,Adultos,ok,,3-10,15,1,18,
Coop X,Cooperativo,sin_resultado,,2-6,30,2,10,si
Corran,Party,sin_resultado,,2-6,20,1,8,si
Describir de Mierda,Adultos,sin_resultado,,3-10,30,1,18,si
Descubre Quién Robó el Gallinero,Infantil,dudoso,si,2-4,20,1,5,
Despiertan,Cartas,sin_resultado,,2-6,30,2,10,si
Detective,Deducción,ok,si,7-20,20,3,12,
Detective Todo el Mundo Miente Batman,Deducción,sin_resultado,si,1-4,120,3,16,
Dilema del Rey,Estrategia,dudoso,si,3-5,45,2,14,
Disney Sorcerers Arena,Estrategia,sin_resultado,si,2-4,45,2,10,
Dominion: Intriga,Cartas,dudoso,si,2-4,30,3,13,si
Dragon Class,Familiar,ok,,3-5,15,2,13,
Dragon Master,Cartas,dudoso,si,2-2,15,1,8,
Duelo por Caza,Cartas,sin_resultado,,2-2,20,2,10,si
Dune,Estrategia,dudoso,,2-6,120,5,14,si
El Infiltrado,Deducción,dudoso,,4-8,15,1,9,
El Señor de los Anillos: Batalla por la Tierra Media,Estrategia,dudoso,,2-4,60,3,13,si
El Tonto del Pueblo,Party,ok,si,3-15,20,1,196,
El Tonto del Pueblo: Pásalo con tus Amigos,Party,sin_resultado,,3-10,30,1,16,si
El Tonto del Pueblo: Repite la Acción,Party,sin_resultado,,3-10,30,1,16,si
El Tonto del Pueblo: Sale de Fiesta,Party,sin_resultado,,3-10,30,1,16,
El Vende,Party,sin_resultado,,3-8,30,1,12,si
Entre Tragos,Adultos,sin_resultado,si,3-10,30,1,18,si
Escalation Earth,Estrategia,sin_resultado,,2-6,45,2,12,si
Exploding Kittens Recipes For Desaster,Cartas,sin_resultado,si,2-10,15,1,7,
Fantasma Blitz: Feliz Cumpleaños,Habilidad,sin_resultado,,2-8,20,1,8,si
Final Girl Core Box,Aventura,sin_resultado,si,1-1,20,3,14,
Forero vs Dinosaurio,Cartas,sin_resultado,,2-6,20,1,10,si
Get Loud,Party,dudoso,,3-10,30,1,12,
Good Face,Party,dudoso,si,3-8,20,1,10,si
Great Western Trial,Estrategia,sin_resultado,si,2-4,75,4,12,
Guatafac: Unos Niños,Adultos,sin_resultado,,3-10,30,1,18,si
Happy Little Dinosaurs: Smile It's Almost Over,Expansión,sin_resultado,si,2-6,30,1,8,si
Harry Potter Memo / Magic,Infantil,sin_resultado,,2-6,20,1,4,si
Hash 10,Cartas,sin_resultado,si,2-6,20,1,8,si
Helsinki Revelations,Deducción,sin_resultado,,2-6,45,2,12,si
Hitster: Lemazon,Party,sin_resultado,si,2-10,30,1,16,si
Hitster: Meme Party Game,Party,sin_resultado,,2-10,30,1,16,si
Iceberg,Habilidad,dudoso,si,2-4,20,1,6,
iGoat?,Cartas,sin_resultado,,2-6,20,1,8,si
Impractical Jokers,Party,dudoso,si,3-8,30,1,17,si
Incómodos Invitados 2,Deducción,dudoso,si,1-8,60,2,12,si
Jerusalém,Estrategia,dudoso,si,2-4,60,3,12,si
Joker Game,Cartas,dudoso,,2-6,20,1,8,si
Juego de Tronos,Estrategia,dudoso,,3-6,180,4,14,si
Juego de Tronos: El Juego de Tablero (Expansión),Expansión,sin_resultado,si,3-6,120,4,14,si
Juego de Tronos: Trono de Hierro,Estrategia,dudoso,si,3-6,60,3,14,si
Jugando a tus Amigos,Party,sin_resultado,,3-10,30,1,14,si
Kanban: Driver's Edition,Estrategia,dudoso,si,1-4,90,5,14,si
La Gran Misión,Familiar,sin_resultado,,2-6,30,2,8,si
La Guerra del Anillo – Noticias y No Cargas,Estrategia,sin_resultado,si,2-4,150,5,13,
La Reventa,Cartas,sin_resultado,,2-6,30,2,10,si
La Tripulacion,Cooperativo,dudoso,si,2-5,20,2,10,
Last 8 Furious,Familiar,sin_resultado,,2-6,30,2,10,si
Last Team,Familiar,sin_resultado,,2-6,30,2,10,si
Licho,Cartas,sin_resultado,,2-6,20,1,8,si
Lora Capital,Familiar,sin_resultado,,2-6,45,2,10,si
Lotería del Bebé,Familiar,sin_resultado,,2-20,30,1,6,si
Lulas,Cartas,sin_resultado,,2-6,20,1,8,si
Melasopla,Adultos,sin_resultado,,3-10,30,1,18,si
Meme The Game: Disney,Party,dudoso,si,3-20,30,1,8,si
Mind Gamers,Party,sin_resultado,,2-6,30,2,10,si
Mister Pedo,Infantil,sin_resultado,si,2-6,15,1,6,si
Monster Madness,Familiar,ok,si,2-4,30,1,6,
Mr. Drink Games,Adultos,sin_resultado,,2-10,30,1,18,si
MTV Music,Palabras y trivia,dudoso,,2-10,30,1,14,si
Nueva Era Mi Tierra,Familiar,sin_resultado,,2-6,45,2,10,si
Out of This World,Familiar,dudoso,si,2-6,30,1,8,si
Paleo,Cooperativo,dudoso,si,1-4,45,3,10,
Para el Mamón,Adultos,sin_resultado,,3-10,30,1,18,si
Parada Royale,Cartas,sin_resultado,,2-6,30,1,8,si
Parén la Nave,Party,dudoso,,2-6,30,1,10,
París,Estrategia,dudoso,si,2-4,90,3,10,si
Peaky Blinders,Party,ok,,1-10,120,2,14,
Pelusas Borbotos,Cartas,sin_resultado,si,2-6,15,1,8,
Pimp,Adultos,dudoso,,3-8,30,1,18,si
Planet 3,Familiar,dudoso,,2-4,40,2,8,si
Pop Under Pressure,Palabras y trivia,ok,,3-20,30,1,14,
Príncipe,Cartas,dudoso,,2-6,20,1,8,si
Que Llevo en la Maleta,Infantil,dudoso,,2-6,15,1,5,
Quoridor Pacmac,Abstracto,sin_resultado,si,2-4,15,1,8,
Raza Manzana,Cartas,sin_resultado,,2-6,20,1,8,si
Remix Manuel,Party,sin_resultado,,2-8,30,1,10,si
República Bananera: Al Límite del Humor,Expansión,ok,,3-10,30,1,18,
República Bananera: Vacuna Española,Adultos,dudoso,,3-10,30,1,18,si
Rush Md,Cooperativo,dudoso,si,1-4,60,3,10,
Salud,Adultos,dudoso,,3-10,30,1,18,si
Scout,Cartas,dudoso,si,2-5,15,2,9,
Secret Night,Familiar,ok,,3-6,30,1,10,
Seinfeld,Party,dudoso,,4-10,45,1,14,si
Shots Pong,Adultos,sin_resultado,,2-8,30,1,18,si
Skull,Party,dudoso,si,3-6,30,1,10,
Speed Stacks,Habilidad,dudoso,si,2-4,10,1,6,si
Spot It,Habilidad,dudoso,si,2-8,15,1,6,
Spotty,Habilidad,dudoso,,2-6,15,1,6,si
Star Wars,Familiar,dudoso,,2-4,60,2,10,si
Starship,Expansión,ok,,2-4,60,3,12,
Superclub Official Expansion 2022/23,Expansión,sin_resultado,si,1-4,60,3,14,si
Superclub Top Six Expansion Green/Pink,Expansión,sin_resultado,si,1-4,60,3,14,
Superclub Try Size Expansion,Expansión,sin_resultado,,2-4,120,3,10,si
Survive Space Attacks,Familiar,sin_resultado,si,2-4,45,2,8,
Syllabury,Palabras y trivia,sin_resultado,,2-6,20,1,8,si
Tactic / Lacta,Familiar,sin_resultado,,2-4,30,2,8,si
The Godfather,Estrategia,dudoso,si,2-5,75,3,14,si
The Logo Game,Palabras y trivia,dudoso,si,2-10,30,1,10,si
The Sims,Familiar,dudoso,,2-4,45,2,10,
The Walking Dead,Aventura,dudoso,,2-6,60,2,14,
Through The Ages,Estrategia,dudoso,si,2-4,120,4,14,
Todo el Mundo Miente,Deducción,dudoso,,3-8,30,1,12,si
Top Gun,Estrategia,dudoso,si,2-4,45,2,10,
Torre del Beso,Adultos,sin_resultado,,2-2,20,1,18,si
Uno Venezuela,Cartas,sin_resultado,,2-10,30,1,7,si
Ureck Sav,Familiar,sin_resultado,,2-6,30,2,10,si
Verdad o Reto Cumpleaños,Party,sin_resultado,,3-12,30,1,12,si
Winners Circle,Familiar,sin_resultado,si,2-6,45,1,10,
Wizardry,Cartas,dudoso,,3-6,45,2,10,
Yo Nunca Revolution,Adultos,sin_resultado,si,3-10,30,1,18,
